<?xml version="1.0" encoding="UTF-8"?>
<metadata modelVersion="1.1.0">
  <groupId>org.jboss.quickstarts.eap</groupId>
  <artifactId>jboss-helloworld</artifactId>
  <version>7.0.0-SNAPSHOT</version>
  <versioning>
    <snapshot>
      <localCopy>true</localCopy>
    </snapshot>
    <lastUpdated>20221208232914</lastUpdated>
    <snapshotVersions>
      <snapshotVersion>
        <extension>war</extension>
        <value>7.0.0-SNAPSHOT</value>
        <updated>20221208232914</updated>
      </snapshotVersion>
      <snapshotVersion>
        <extension>pom</extension>
        <value>7.0.0-SNAPSHOT</value>
        <updated>20221208232914</updated>
      </snapshotVersion>
    </snapshotVersions>
  </versioning>
</metadata>
